year,PM2.5,PM10,SO2,NO2,CO,O3,time
2013,80.06032702432825,103.37211782861293,19.90082943899782,52.00878395742556,1219.8201933551197,56.58318217592593,2013
2014,86.6646641933029,117.17762271689497,21.37925608828006,54.71041000761035,1275.3928843226788,58.258812269786915,2014
2015,79.51267979452055,103.70432267884323,12.996569634703196,48.44663622526637,1262.9176179604262,59.107265030441404,2015
2016,72.36318875227687,94.81107695810564,9.763518897996358,46.147778157255615,1138.3879781420765,58.50865209471767,2016
2017,92.56832627118644,110.87299905838042,18.11358286252354,57.191443032015066,1620.2271657250471,39.96669020715631,2017
